CarNumber,SURNAME
Y163O8161RUS,Smith
E432XX77RUS,Johnson
7184TT36RUS,Williams
X582HE161RUS,Brown
92918M178RUS,Jones
H234YH197RUS,Miller
E40577152RUS,Davis
707987163RUS,Garcia
K330T8197RUS,Rodriguez
X786CO96RUS,Wilson
C477M7161RUS,Martinez
O21997197RUS,Anderson
M592CH197RUS,Taylor
9020YC197RUS,Thomas
8182XX154RUS,Hernandez
7830C8197RUS,Moore
7066C8197RUS,Martin
M298CH161RUS,Jackson
E445TC197RUS,Thompson
8440XX154RUS,White
9371CE154RUS,Lopez
9182CE154RUS,Lee
83298C154RUS,Gonzalez
Y7659C197RUS,Harris
C922YE197RUS,Clark
7364C8197RUS,Lewis
M5039X197RUS,Robinson
8603T8154RUS,Walker
92928M178RUS,Perez
O672E8197RUS,Hall
E42277152RUS,Young
C903MC161RUS,Allen
T7318T163RUS,Sanchez
Y7719C197RUS,Wright
T011MY163RUS,King
H115YO163RUS,Scott
73467Y96RUS,Green
O134HE197RUS,Baker
H968HY161RUS,Adams
Y654E8750RUS,Nelson
H963HY161RUS,Hill
H232YH197RUS,Ramirez
7843C8197RUS,Campbell
X791O796RUS,Mitchell
H958HY161RUS,Roberts
708587163RUS,Carter
Y973O8197RUS,Phillips
97977H178RUS,Evans
H917TC36RUS,Turner
Y7709C197RUS,Torres
8513XX154RUS,Parker
T870X7163RUS,Collins
8818C877RUS,Edwards
T395OT197RUS,Stewart
K327T8197RUS,Flores
8311XX154RUS,Morris
X423MK197RUS,Nguyen
96429X178RUS,Murphy
O275O7161RUS,Rivera
7789KT197RUS,Cook
E28877161RUS,Rogers
T6068M116RUS,Morgan
9498KX178RUS,Peterson
99209X178RUS,Cooper
T6449O50RUS,Reed
9683EC178RUS,Bailey
Y353O8197RUS,Bell
O719MM163RUS,Gomez
E535MM199RUS,Kelly
Y352O8197RUS,Howard
7788KT197RUS,Ward
E807HE77RUS,Cox
M516CH161RUS,Diaz
89587X197RUS,Richardson
7781KT197RUS,Wood
E645TH36RUS,Watson
Y302E877RUS,Brooks
M058XE36RUS,Bennett
8166XX154RUS,Gray
M589CH197RUS,James
9408H7178RUS,Reyes
H387TM197RUS,Cruz
8049HT125RUS,Hughes
9698MO178RUS,Price
8685HE154RUS,Myers
7177TT36RUS,Long
O77997197RUS,Foster
Y234E877RUS,Sanders
97987H178RUS,Ross
X257HE161RUS,Morales
T399KX197RUS,Powell
H957HY161RUS,Sullivan
K379HY161RUS,Russell
T654HT96RUS,Ortiz
8439XX154RUS,Jenkins
Y965EE197RUS,Gutierrez
X758HY197RUS,Perry
M0279X197RUS,Butler
H224X836RUS,Barnes
E6849O154RUS,Fisher
O83797197RUS,Henderson
9402KK197RUS,Coleman
7368C8197RUS,Simmons
H427YH197RUS,Patterson
9583EY178RUS,Jordan
Y038E877RUS,Reynolds
9822H8161RUS,Hamilton
7826C8197RUS,Graham
E160YX77RUS,Kim
82337X197RUS,Gonzales
X757HY197RUS,Alexander
X765HY197RUS,Ramos
934497178RUS,Wallace
K2807K154RUS,Griffin
T8008Y125RUS,West
Y960EE197RUS,Cole
7840C8197RUS,Hayes
K846YE77RUS,Chavez
7827C8197RUS,Gibson
Y655E8750RUS,Bryant
H003MH197RUS,Ellis
Y7699C197RUS,Stevens
Y8399C197RUS,Murray
9135X938RUS,Ford
H385TM197RUS,Marshall
9428EX178RUS,Owens
H837YK197RUS,Mcdonald
O83597197RUS,Harrison
E42577152RUS,Ruiz
E53277152RUS,Kennedy
C476M7161RUS,Wells
9943KK197RUS,Alvarez
8165XX154RUS,Woods
T476KX197RUS,Mendoza
C422X938RUS,Castillo
K328T8197RUS,Olson
9466EX178RUS,Webb
X256HE161RUS,Washington
Y275O8197RUS,Tucker
H217X836RUS,Freeman
Y316E877RUS,Burns
8601XX154RUS,Henry
M741T9152RUS,Vasquez
9883HX152RUS,Snyder
Y6829Y50RUS,Simpson
H004MH197RUS,Crawford
704987163RUS,Jimenez
E316EH197RUS,Porter
O22297197RUS,Mason
O02597197RUS,Shaw
X015HY197RUS,Gordon
T769OT197RUS,Wagner
Y778EE197RUS,Hunter
7829C8197RUS,Romero
T272HH163RUS,Hicks
T018OX197RUS,Dixon
Y255E877RUS,Hunt
9697MO178RUS,Palmer
T686EO197RUS,Robertson
C590EY154RUS,Black
T941CC96RUS,Holmes
O22397197RUS,Stone
X242EC197RUS,Meyer
T020OX197RUS,Boyd
E33577152RUS,Mills
E773EH197RUS,Warren
T6428M116RUS,Fox
Y7129Y50RUS,Rose
Y418EX197RUS,Rice
Y7689C197RUS,Moreno
E52877152RUS,Schmidt
7369C8197RUS,Patel
Y166O8161RUS,Ferguson
705287163RUS,Nichols
K559KC161RUS,Herrera
M0299X197RUS,Medina
84418C154RUS,Ryan
E53488152RUS,Fernandez
90159H178RUS,Weaver
C798ET50RUS,Daniels
Y193O8161RUS,Stephens
7248C8197RUS,Gardner
K357YE77RUS,Payne
E0697X152RUS,Kelley
E40877152RUS,Dunn
Y351O8197RUS,Pierce
Y356O8197RUS,Arnold
O6939X163RUS,Tran
Y7649C197RUS,Spencer
9935TE152RUS,Peters
704687163RUS,Hawkins
7197TT36RUS,Grant
O143HO197RUS,Hansen
K436MO152RUS,Castro
9938OH154RUS,Hoffman
E34877152RUS,Hart
E5878M777RUS,Elliott
7844C8197RUS,Cunningham
C584EY154RUS,Knight
E28977161RUS,Bradley
T016OX197RUS,Carroll
H889YK197RUS,Hudson
7363C8197RUS,Duncan
T6039O50RUS,Armstrong
7365C8197RUS,Berry
Y967O8197RUS,Andrews
E816HE77RUS,Johnston
T6329O50RUS,Ray
X504X8197RUS,Lane
M581CH197RUS,Riley
X523OM161RUS,Carpenter
C412X938RUS,Perkins
7831C8197RUS,Aguilar
8164XX154RUS,Silva
T6419O50RUS,Richards
E822TH36RUS,Willis
8437XX154RUS,Matthews
C515X938RUS,Chapman
7172TT36RUS,Lawrence
8436XX154RUS,Garza
E79988152RUS,Vargas
8180XX154RUS,Watkins
84438C154RUS,Wheeler
T6309O50RUS,Larson
T6129O50RUS,Carlson
K339T8197RUS,Harper
X782CO96RUS,George
E591HE77RUS,Greene
9499KX178RUS,Burke
Y357O8197RUS,Guzman
Y652O8197RUS,Morrison
X767HY197RUS,Munoz
H220X836RUS,Jacobs
H218X836RUS,Obrien
T913CT197RUS,Lawson
T6439O50RUS,Franklin
7784KT197RUS,Lynch
X286TC36RUS,Bishop
O752MX161RUS,Carr
Y7449Y50RUS,Salazar
92828M178RUS,Austin
Y650E8750RUS,Mendez
8321XX154RUS,Gilbert
8316XX154RUS,Jensen
T017OX197RUS,Williamson
H977HY161RUS,Montgomery
X522OM161RUS,Harvey
O085E8197RUS,Oliver
705387163RUS,Howell
O017KO197RUS,Dean
X4138H125RUS,Hanson
8441XX154RUS,Weber
M0269X197RUS,Garrett
T483CT96RUS,Sims
T940CC96RUS,Burton
C58078163RUS,Fuller
O02397197RUS,Soto
8611T8154RUS,Mccoy
704787163RUS,Welch
C313MM99RUS,Chen
X763HY197RUS,Schultz
M386M9197RUS,Walters
8605T8154RUS,Reid
7147OE161RUS,Fields
7361C8197RUS,Walsh
Y359EY197RUS,Little
T6559O50RUS,Fowler
9469EX178RUS,Bowman
Y6839Y50RUS,Davidson
H237YH197RUS,May
T948OM96RUS,Day
T395KX197RUS,Schneider
M301CH161RUS,Newman
9496KX178RUS,Brewer
T6319O50RUS,Lucas
H305T8197RUS,Holland
8201XX154RUS,Wong
O64297197RUS,Banks
9523M8178RUS,Santos
Y273O8197RUS,Curtis
T6229O50RUS,Pearson
X023HY197RUS,Delgado
8226XX154RUS,Valdez
Y038TO197RUS,Pena
M0289X197RUS,Rios
E811HE77RUS,Douglas
X795O796RUS,Sandoval
O39997197RUS,Barrett
97968K152RUS,Hopkins
H219X836RUS,Keller
T6169O50RUS,Guerrero
94178K154RUS,Stanley
9467EX178RUS,Bates
O78097197RUS,Alvarado
X5707X161RUS,Beck
Y232E877RUS,Ortega
Y388E877RUS,Wade
X255HE161RUS,Estrada
E552MO152RUS,Contreras
97998K152RUS,Barnett
Y963O8197RUS,Caldwell
T477KX197RUS,Santiago
T2639T116RUS,Lambert
O49797197RUS,Powers
O68897197RUS,Chambers
72457Y96RUS,Nunez
7064C8197RUS,Craig
E948C8152RUS,Leonard
C514X938RUS,Lowe
C589EY154RUS,Rhodes
K899T8197RUS,Byrd
T6418M116RUS,Gregory
8607XX154RUS,Shelton
92778M178RUS,Frazier
T288CT96RUS,Becker
9886HX152RUS,Maldonado
C583EY154RUS,Fleming
C592EY154RUS,Vega
T6459O50RUS,Sutton
X759HY197RUS,Cohen
705787163RUS,Jennings
92898M178RUS,Parks
9671EC178RUS,Mcdaniel
M302CH161RUS,Watts
M578CH197RUS,Barker
Y207O8161RUS,Norris
96659X178RUS,Vaughn
T912CT197RUS,Vazquez
7183TT36RUS,Holt
89557X197RUS,Schwartz
Y359O8197RUS,Steele
K2817K154RUS,Benson
Y964O8197RUS,Neal
H967HY161RUS,Dominguez
E394MO152RUS,Horton
O50699163RUS,Terry
9463EX178RUS,Wolfe
E53677152RUS,Hale
K338T8197RUS,Lyons
Y4298M777RUS,Graves
Y687HM197RUS,Haynes
98037H178RUS,Miles
7828C8197RUS,Park
H980HY161RUS,Warner
H906YK197RUS,Padilla
7199MT197RUS,Bush
X908XC197RUS,Thornton
T171CC96RUS,Mccarthy
X4108H125RUS,Mann
Y966O8197RUS,Zimmerman
K2797K154RUS,Erickson
7089H8163RUS,Fletcher
7841C8197RUS,Mckinney
9940KK197RUS,Page
H971HY161RUS,Dawson
H844YH197RUS,Joseph
E33477152RUS,Marquez
Y156E877RUS,Reeves
E396MO152RUS,Klein
Y969O8197RUS,Espinoza
9028CO161RUS,Baldwin
T6249O50RUS,Moran
E42377152RUS,Love
9941KK197RUS,Robbins
M372CH197RUS,Higgins
K040CC197RUS,Ball
E41577152RUS,Cortez
9763HY161RUS,Le
T535ET96RUS,Griffith
H961HY161RUS,Bowen
M2169X197RUS,Sharp
8234XX154RUS,Cummings
O83697197RUS,Ramsey
E52677152RUS,Hardy
8451M7154RUS,Swanson
9589EY178RUS,Barber
H907YK197RUS,Acosta
O39897197RUS,Luna
M3879X197RUS,Chandler
C299K9154RUS,Blair
9468EX178RUS,Daniel
M375CH197RUS,Cross
H982HY161RUS,Simon
8224XX154RUS,Dennis
Y653E8750RUS,Oconnor
K558KC161RUS,Quinn
O058M7161RUS,Gross
M256OH161RUS,Navarro
T242H8197RUS,Moss
K27188138RUS,Fitzgerald
96629X178RUS,Doyle
9881HX152RUS,Mclaughlin
T479KX197RUS,Rojas
M680T9152RUS,Rodgers
C410X938RUS,Stevenson
X762HY197RUS,Singh
9470EX178RUS,Yang
X4128H125RUS,Figueroa
9762HY161RUS,Harmon
H419XE197RUS,Newton
98017H178RUS,Paul
Y780EE197RUS,Manning
M580CH197RUS,Garner
9943OH154RUS,Mcgee
Y354O8197RUS,Reese
7065C8197RUS,Francis
E28777161RUS,Burgess
M701T9152RUS,Adkins
E577HE77RUS,Goodman
92788M178RUS,Curry
9072EM178RUS,Brady
9409H7178RUS,Christensen
C3829X154RUS,Potter
T478KX197RUS,Walton
T119CT96RUS,Goodwin
708487163RUS,Mullins
H983HY161RUS,Molina
7842C8197RUS,Webster
O64097197RUS,Fischer
Y693HM197RUS,Campos
96857X197RUS,Avila
T394KX197RUS,Sherman
O49897197RUS,Todd
H963X936RUS,Chang
T341CC96RUS,Blake
9942KK197RUS,Malone
9141H8178RUS,Wolf
7370C8197RUS,Hodges
9890HX152RUS,Juarez
M268CH197RUS,Gill
C419X938RUS,Farmer
M0319X197RUS,Hines
M577CH197RUS,Gallagher
H975HY161RUS,Duran
X018HY197RUS,Hubbard
E33177152RUS,Cannon
9491H7178RUS,Miranda
M374CH197RUS,Wang
96679X178RUS,Saunders
9594HY161RUS,Tate
83218C154RUS,Mack
9764HY161RUS,Hammond
708187163RUS,Carrillo
H908YK197RUS,Townsend
Y656E8750RUS,Wise
9679EC178RUS,Ingram
C803KE163RUS,Barton
Y7379Y50RUS,Mejia
X320MK197RUS,Ayala
96907X197RUS,Schroeder
H235YH197RUS,Hampton
9474EX178RUS,Rowe
Y8259C197RUS,Parsons
E29577161RUS,Frank
X761HY197RUS,Waters
T396KX197RUS,Strickland
C593EY154RUS,Osborne
Y164O8161RUS,Maxwell
M942OT152RUS,Chan
Y7429Y50RUS,Deleon
H976HY161RUS,Norman
Y195O8161RUS,Harrington
O669E8197RUS,Casey
Y187O8161RUS,Patton
K329T8197RUS,Logan
9677MO178RUS,Bowers
9939KK197RUS,Mueller
M373CH197RUS,Glover
7164YM36RUS,Floyd
O753MX161RUS,Hartman
T6488M116RUS,Buchanan
98047H178RUS,Cobb
9488EY178RUS,French
O481OH77RUS,Kramer
K326T8197RUS,Mccormick
X796TH96RUS,Clarke
Y358O8197RUS,Tyler
C420X938RUS,Gibbs
Y965O8197RUS,Moody
Y274O8197RUS,Conner
E223YM197RUS,Sparks
Y964EE197RUS,Mcguire
T6049O50RUS,Leon
H259HY161RUS,Bauer
Y344E877RUS,Norton
K889HY161RUS,Pope
H214X836RUS,Flynn
O421OT161RUS,Hogan
7360C8197RUS,Robles
Y194O8161RUS,Salinas
T6359O50RUS,Yates
E29677161RUS,Lindsey
T020MM116RUS,Lloyd
9502XX38RUS,Marsh
8521XX154RUS,Mcbride
K376HE161RUS,Owen
7193TT36RUS,Solis
O785T9163RUS,Pham
H618YC38RUS,Lang
9068EM178RUS,Pratt
7783KT197RUS,Lara
Y305E877RUS,Brock
E881OT197RUS,Ballard
O718MM163RUS,Trujillo
9975CC77RUS,Shaffer
T195OK161RUS,Drake
T914CT197RUS,Roman
E41977152RUS,Aguirre
9464EX178RUS,Morton
O50197197RUS,Stokes
7608EE777RUS,Lamb
PQR678,Smith
STU901,Johnson
VWX234,Williams
